*** Bug #40607 ***
SET @@storage_engine = 'Falcon';
DROP TABLE IF EXISTS t1;
CREATE TABLE t1 (id decimal unsigned, key (id));
INSERT INTO t1 VALUES (5),(6),(7), (8), (9);
SELECT * FROM t1 WHERE id < 7;
id
5
6
SELECT * FROM t1 WHERE id = 7;
id
7
SELECT * FROM t1 WHERE id > 7;
id
8
9
SELECT count(*) FROM t1;
count(*)
5
DROP TABLE t1;
