*** Bug #22207 ***
SET @@storage_engine = 'Falcon';
DROP TABLE IF EXISTS t1;
CREATE TABLE t1 (c1 varchar(50), c2 int, c3 char(1));
INSERT INTO t1 VALUES (repeat('A', 50), 0, 'A');
INSERT INTO t1 VALUES (repeat('B', 50), 0, 'B');
INSERT INTO t1 VALUES (repeat('C', 50), 0, 'C');
INSERT INTO t1 VALUES (repeat('D', 50), 0, 'D');
INSERT INTO t1 VALUES (repeat('E', 50), 0, 'E');
INSERT INTO t1 VALUES (repeat('F', 50), 0, 'F');
INSERT INTO t1 VALUES (repeat('G', 50), 0, 'G');
INSERT INTO t1 VALUES (repeat('H', 50), 0, 'H');
INSERT INTO t1 VALUES (repeat('I', 50), 0, 'I');
INSERT INTO t1 VALUES (repeat('J', 50), 0, 'J');
INSERT INTO t1 VALUES (repeat('K', 50), 0, 'K');
COMMIT;
SELECT c1 from t1;
c1
150000____AAAAAAAAAAAAAAAAAAAAAAAAAAAAAAAAAAAAAAAA
150000____BBBBBBBBBBBBBBBBBBBBBBBBBBBBBBBBBBBBBBBB
150000____CCCCCCCCCCCCCCCCCCCCCCCCCCCCCCCCCCCCCCCC
150000____DDDDDDDDDDDDDDDDDDDDDDDDDDDDDDDDDDDDDDDD
150000____EEEEEEEEEEEEEEEEEEEEEEEEEEEEEEEEEEEEEEEE
150000____FFFFFFFFFFFFFFFFFFFFFFFFFFFFFFFFFFFFFFFF
150000____GGGGGGGGGGGGGGGGGGGGGGGGGGGGGGGGGGGGGGGG
150000____HHHHHHHHHHHHHHHHHHHHHHHHHHHHHHHHHHHHHHHH
150000____IIIIIIIIIIIIIIIIIIIIIIIIIIIIIIIIIIIIIIII
150000____JJJJJJJJJJJJJJJJJJJJJJJJJJJJJJJJJJJJJJJJ
150000____KKKKKKKKKKKKKKKKKKKKKKKKKKKKKKKKKKKKKKKK
SELECT c1 from t1;
c1
300000____AAAAAAAAAAAAAAAAAAAAAAAAAAAAAAAAAAAAAAAA
300000____BBBBBBBBBBBBBBBBBBBBBBBBBBBBBBBBBBBBBBBB
300000____CCCCCCCCCCCCCCCCCCCCCCCCCCCCCCCCCCCCCCCC
300000____DDDDDDDDDDDDDDDDDDDDDDDDDDDDDDDDDDDDDDDD
300000____EEEEEEEEEEEEEEEEEEEEEEEEEEEEEEEEEEEEEEEE
300000____FFFFFFFFFFFFFFFFFFFFFFFFFFFFFFFFFFFFFFFF
300000____GGGGGGGGGGGGGGGGGGGGGGGGGGGGGGGGGGGGGGGG
300000____HHHHHHHHHHHHHHHHHHHHHHHHHHHHHHHHHHHHHHHH
300000____IIIIIIIIIIIIIIIIIIIIIIIIIIIIIIIIIIIIIIII
300000____JJJJJJJJJJJJJJJJJJJJJJJJJJJJJJJJJJJJJJJJ
300000____KKKKKKKKKKKKKKKKKKKKKKKKKKKKKKKKKKKKKKKK
SELECT c1 from t1;
c1
450000____AAAAAAAAAAAAAAAAAAAAAAAAAAAAAAAAAAAAAAAA
450000____BBBBBBBBBBBBBBBBBBBBBBBBBBBBBBBBBBBBBBBB
450000____CCCCCCCCCCCCCCCCCCCCCCCCCCCCCCCCCCCCCCCC
450000____DDDDDDDDDDDDDDDDDDDDDDDDDDDDDDDDDDDDDDDD
450000____EEEEEEEEEEEEEEEEEEEEEEEEEEEEEEEEEEEEEEEE
450000____FFFFFFFFFFFFFFFFFFFFFFFFFFFFFFFFFFFFFFFF
450000____GGGGGGGGGGGGGGGGGGGGGGGGGGGGGGGGGGGGGGGG
450000____HHHHHHHHHHHHHHHHHHHHHHHHHHHHHHHHHHHHHHHH
450000____IIIIIIIIIIIIIIIIIIIIIIIIIIIIIIIIIIIIIIII
450000____JJJJJJJJJJJJJJJJJJJJJJJJJJJJJJJJJJJJJJJJ
450000____KKKKKKKKKKKKKKKKKKKKKKKKKKKKKKKKKKKKKKKK
SELECT c1 from t1;
c1
600000____AAAAAAAAAAAAAAAAAAAAAAAAAAAAAAAAAAAAAAAA
600000____BBBBBBBBBBBBBBBBBBBBBBBBBBBBBBBBBBBBBBBB
600000____CCCCCCCCCCCCCCCCCCCCCCCCCCCCCCCCCCCCCCCC
600000____DDDDDDDDDDDDDDDDDDDDDDDDDDDDDDDDDDDDDDDD
600000____EEEEEEEEEEEEEEEEEEEEEEEEEEEEEEEEEEEEEEEE
600000____FFFFFFFFFFFFFFFFFFFFFFFFFFFFFFFFFFFFFFFF
600000____GGGGGGGGGGGGGGGGGGGGGGGGGGGGGGGGGGGGGGGG
600000____HHHHHHHHHHHHHHHHHHHHHHHHHHHHHHHHHHHHHHHH
600000____IIIIIIIIIIIIIIIIIIIIIIIIIIIIIIIIIIIIIIII
600000____JJJJJJJJJJJJJJJJJJJJJJJJJJJJJJJJJJJJJJJJ
600000____KKKKKKKKKKKKKKKKKKKKKKKKKKKKKKKKKKKKKKKK
SELECT c1 from t1;
c1
750000____AAAAAAAAAAAAAAAAAAAAAAAAAAAAAAAAAAAAAAAA
750000____BBBBBBBBBBBBBBBBBBBBBBBBBBBBBBBBBBBBBBBB
750000____CCCCCCCCCCCCCCCCCCCCCCCCCCCCCCCCCCCCCCCC
750000____DDDDDDDDDDDDDDDDDDDDDDDDDDDDDDDDDDDDDDDD
750000____EEEEEEEEEEEEEEEEEEEEEEEEEEEEEEEEEEEEEEEE
750000____FFFFFFFFFFFFFFFFFFFFFFFFFFFFFFFFFFFFFFFF
750000____GGGGGGGGGGGGGGGGGGGGGGGGGGGGGGGGGGGGGGGG
750000____HHHHHHHHHHHHHHHHHHHHHHHHHHHHHHHHHHHHHHHH
750000____IIIIIIIIIIIIIIIIIIIIIIIIIIIIIIIIIIIIIIII
750000____JJJJJJJJJJJJJJJJJJJJJJJJJJJJJJJJJJJJJJJJ
750000____KKKKKKKKKKKKKKKKKKKKKKKKKKKKKKKKKKKKKKKK
SELECT c1 from t1;
c1
900000____AAAAAAAAAAAAAAAAAAAAAAAAAAAAAAAAAAAAAAAA
900000____BBBBBBBBBBBBBBBBBBBBBBBBBBBBBBBBBBBBBBBB
900000____CCCCCCCCCCCCCCCCCCCCCCCCCCCCCCCCCCCCCCCC
900000____DDDDDDDDDDDDDDDDDDDDDDDDDDDDDDDDDDDDDDDD
900000____EEEEEEEEEEEEEEEEEEEEEEEEEEEEEEEEEEEEEEEE
900000____FFFFFFFFFFFFFFFFFFFFFFFFFFFFFFFFFFFFFFFF
900000____GGGGGGGGGGGGGGGGGGGGGGGGGGGGGGGGGGGGGGGG
900000____HHHHHHHHHHHHHHHHHHHHHHHHHHHHHHHHHHHHHHHH
900000____IIIIIIIIIIIIIIIIIIIIIIIIIIIIIIIIIIIIIIII
900000____JJJJJJJJJJJJJJJJJJJJJJJJJJJJJJJJJJJJJJJJ
900000____KKKKKKKKKKKKKKKKKKKKKKKKKKKKKKKKKKKKKKKK
SELECT c1 from t1;
c1
1050000___AAAAAAAAAAAAAAAAAAAAAAAAAAAAAAAAAAAAAAAA
1050000___BBBBBBBBBBBBBBBBBBBBBBBBBBBBBBBBBBBBBBBB
1050000___CCCCCCCCCCCCCCCCCCCCCCCCCCCCCCCCCCCCCCCC
1050000___DDDDDDDDDDDDDDDDDDDDDDDDDDDDDDDDDDDDDDDD
1050000___EEEEEEEEEEEEEEEEEEEEEEEEEEEEEEEEEEEEEEEE
1050000___FFFFFFFFFFFFFFFFFFFFFFFFFFFFFFFFFFFFFFFF
1050000___GGGGGGGGGGGGGGGGGGGGGGGGGGGGGGGGGGGGGGGG
1050000___HHHHHHHHHHHHHHHHHHHHHHHHHHHHHHHHHHHHHHHH
1050000___IIIIIIIIIIIIIIIIIIIIIIIIIIIIIIIIIIIIIIII
1050000___JJJJJJJJJJJJJJJJJJJJJJJJJJJJJJJJJJJJJJJJ
1050000___KKKKKKKKKKKKKKKKKKKKKKKKKKKKKKKKKKKKKKKK
SELECT c1 from t1;
c1
1200000___AAAAAAAAAAAAAAAAAAAAAAAAAAAAAAAAAAAAAAAA
1200000___BBBBBBBBBBBBBBBBBBBBBBBBBBBBBBBBBBBBBBBB
1200000___CCCCCCCCCCCCCCCCCCCCCCCCCCCCCCCCCCCCCCCC
1200000___DDDDDDDDDDDDDDDDDDDDDDDDDDDDDDDDDDDDDDDD
1200000___EEEEEEEEEEEEEEEEEEEEEEEEEEEEEEEEEEEEEEEE
1200000___FFFFFFFFFFFFFFFFFFFFFFFFFFFFFFFFFFFFFFFF
1200000___GGGGGGGGGGGGGGGGGGGGGGGGGGGGGGGGGGGGGGGG
1200000___HHHHHHHHHHHHHHHHHHHHHHHHHHHHHHHHHHHHHHHH
1200000___IIIIIIIIIIIIIIIIIIIIIIIIIIIIIIIIIIIIIIII
1200000___JJJJJJJJJJJJJJJJJJJJJJJJJJJJJJJJJJJJJJJJ
1200000___KKKKKKKKKKKKKKKKKKKKKKKKKKKKKKKKKKKKKKKK
SELECT c1 from t1;
c1
1350000___AAAAAAAAAAAAAAAAAAAAAAAAAAAAAAAAAAAAAAAA
1350000___BBBBBBBBBBBBBBBBBBBBBBBBBBBBBBBBBBBBBBBB
1350000___CCCCCCCCCCCCCCCCCCCCCCCCCCCCCCCCCCCCCCCC
1350000___DDDDDDDDDDDDDDDDDDDDDDDDDDDDDDDDDDDDDDDD
1350000___EEEEEEEEEEEEEEEEEEEEEEEEEEEEEEEEEEEEEEEE
1350000___FFFFFFFFFFFFFFFFFFFFFFFFFFFFFFFFFFFFFFFF
1350000___GGGGGGGGGGGGGGGGGGGGGGGGGGGGGGGGGGGGGGGG
1350000___HHHHHHHHHHHHHHHHHHHHHHHHHHHHHHHHHHHHHHHH
1350000___IIIIIIIIIIIIIIIIIIIIIIIIIIIIIIIIIIIIIIII
1350000___JJJJJJJJJJJJJJJJJJJJJJJJJJJJJJJJJJJJJJJJ
1350000___KKKKKKKKKKKKKKKKKKKKKKKKKKKKKKKKKKKKKKKK
SELECT c1 from t1;
c1
1500000___AAAAAAAAAAAAAAAAAAAAAAAAAAAAAAAAAAAAAAAA
1500000___BBBBBBBBBBBBBBBBBBBBBBBBBBBBBBBBBBBBBBBB
1500000___CCCCCCCCCCCCCCCCCCCCCCCCCCCCCCCCCCCCCCCC
1500000___DDDDDDDDDDDDDDDDDDDDDDDDDDDDDDDDDDDDDDDD
1500000___EEEEEEEEEEEEEEEEEEEEEEEEEEEEEEEEEEEEEEEE
1500000___FFFFFFFFFFFFFFFFFFFFFFFFFFFFFFFFFFFFFFFF
1500000___GGGGGGGGGGGGGGGGGGGGGGGGGGGGGGGGGGGGGGGG
1500000___HHHHHHHHHHHHHHHHHHHHHHHHHHHHHHHHHHHHHHHH
1500000___IIIIIIIIIIIIIIIIIIIIIIIIIIIIIIIIIIIIIIII
1500000___JJJJJJJJJJJJJJJJJJJJJJJJJJJJJJJJJJJJJJJJ
1500000___KKKKKKKKKKKKKKKKKKKKKKKKKKKKKKKKKKKKKKKK
SELECT count(*) FROM t1;
count(*)
11
DROP TABLE t1;
