*** Bug #23962 ***
SET @@storage_engine = 'Falcon';
DROP TABLE IF EXISTS t1;
CREATE TABLE t1 (a char(5), KEY (a));
INSERT INTO t1 VALUES ('a'), ('aa'), ('aaa'), ('abc'), ('bbb');
SELECT * FROM t1 WHERE a > 'a'  ORDER BY a;
a
aa
aaa
abc
bbb
SELECT * FROM t1 WHERE a > 'aa' ORDER BY a;
a
aaa
abc
bbb
SELECT count(*) FROM t1;
count(*)
5
DROP TABLE t1;
