*** Bug #23945 ***
SET @@storage_engine = 'Falcon';
DROP TABLE IF EXISTS t1;
SET @@autocommit = 1;
CREATE TABLE t1 (PRIMARY KEY (a)) SELECT 1 AS a UNION ALL SELECT 1;
ERROR 23000: Duplicate entry '1' for key 'PRIMARY'
SELECT * FROM t1;
ERROR 42S02: Table 'test.t1' doesn't exist
DROP TABLE t1;
ERROR 42S02: Unknown table 't1'
SET @@autocommit = 0;
CREATE TABLE t1 (PRIMARY KEY (a)) SELECT 1 AS a UNION ALL SELECT 1;
ERROR 23000: Duplicate entry '1' for key 'PRIMARY'
SELECT * FROM t1;
ERROR 42S02: Table 'test.t1' doesn't exist
DROP TABLE t1;
ERROR 42S02: Unknown table 't1'
CREATE TABLE t1(a INT);
DROP TABLE t1;
