*** Bug #22207 ***
SET @@storage_engine = 'Falcon';
DROP TABLE IF EXISTS t1;
CREATE TABLE t1 (c1 varchar(50), c2 int, c3 char(1));
INSERT INTO t1 VALUES (repeat('A', 50), 0, 'A');
INSERT INTO t1 VALUES (repeat('B', 50), 0, 'B');
INSERT INTO t1 VALUES (repeat('C', 50), 0, 'C');
COMMIT;
SELECT c1 from t1;
c1
2500______AAAAAAAAAAAAAAAAAAAAAAAAAAAAAAAAAAAAAAAA
2500______BBBBBBBBBBBBBBBBBBBBBBBBBBBBBBBBBBBBBBBB
2500______CCCCCCCCCCCCCCCCCCCCCCCCCCCCCCCCCCCCCCCC
SELECT c1 from t1;
c1
5000______AAAAAAAAAAAAAAAAAAAAAAAAAAAAAAAAAAAAAAAA
5000______BBBBBBBBBBBBBBBBBBBBBBBBBBBBBBBBBBBBBBBB
5000______CCCCCCCCCCCCCCCCCCCCCCCCCCCCCCCCCCCCCCCC
SELECT c1 from t1;
c1
7500______AAAAAAAAAAAAAAAAAAAAAAAAAAAAAAAAAAAAAAAA
7500______BBBBBBBBBBBBBBBBBBBBBBBBBBBBBBBBBBBBBBBB
7500______CCCCCCCCCCCCCCCCCCCCCCCCCCCCCCCCCCCCCCCC
SELECT c1 from t1;
c1
10000_____AAAAAAAAAAAAAAAAAAAAAAAAAAAAAAAAAAAAAAAA
10000_____BBBBBBBBBBBBBBBBBBBBBBBBBBBBBBBBBBBBBBBB
10000_____CCCCCCCCCCCCCCCCCCCCCCCCCCCCCCCCCCCCCCCC
SELECT c1 from t1;
c1
12500_____AAAAAAAAAAAAAAAAAAAAAAAAAAAAAAAAAAAAAAAA
12500_____BBBBBBBBBBBBBBBBBBBBBBBBBBBBBBBBBBBBBBBB
12500_____CCCCCCCCCCCCCCCCCCCCCCCCCCCCCCCCCCCCCCCC
SELECT c1 from t1;
c1
15000_____AAAAAAAAAAAAAAAAAAAAAAAAAAAAAAAAAAAAAAAA
15000_____BBBBBBBBBBBBBBBBBBBBBBBBBBBBBBBBBBBBBBBB
15000_____CCCCCCCCCCCCCCCCCCCCCCCCCCCCCCCCCCCCCCCC
SELECT c1 from t1;
c1
17500_____AAAAAAAAAAAAAAAAAAAAAAAAAAAAAAAAAAAAAAAA
17500_____BBBBBBBBBBBBBBBBBBBBBBBBBBBBBBBBBBBBBBBB
17500_____CCCCCCCCCCCCCCCCCCCCCCCCCCCCCCCCCCCCCCCC
SELECT c1 from t1;
c1
20000_____AAAAAAAAAAAAAAAAAAAAAAAAAAAAAAAAAAAAAAAA
20000_____BBBBBBBBBBBBBBBBBBBBBBBBBBBBBBBBBBBBBBBB
20000_____CCCCCCCCCCCCCCCCCCCCCCCCCCCCCCCCCCCCCCCC
SELECT c1 from t1;
c1
22500_____AAAAAAAAAAAAAAAAAAAAAAAAAAAAAAAAAAAAAAAA
22500_____BBBBBBBBBBBBBBBBBBBBBBBBBBBBBBBBBBBBBBBB
22500_____CCCCCCCCCCCCCCCCCCCCCCCCCCCCCCCCCCCCCCCC
SELECT c1 from t1;
c1
25000_____AAAAAAAAAAAAAAAAAAAAAAAAAAAAAAAAAAAAAAAA
25000_____BBBBBBBBBBBBBBBBBBBBBBBBBBBBBBBBBBBBBBBB
25000_____CCCCCCCCCCCCCCCCCCCCCCCCCCCCCCCCCCCCCCCC
SELECT count(*) FROM t1;
count(*)
3
DROP TABLE t1;
