*** Bug #41582 ***
SET @@storage_engine = 'Falcon';
DROP TABLE IF EXISTS t1;
CREATE TABLE t1(id decimal(11,0), key(id));
INSERT INTO t1 VALUES (4299999998), (4299999999), (4300000000), (4300000001), (4300000002);
SELECT count(*) FROM t1;
count(*)
5
SELECT * FROM t1 WHERE id > 4300000000;
id
4300000001
4300000002
SELECT * FROM t1 WHERE id = 4300000000;
id
4300000000
SELECT * FROM t1 WHERE id < 4300000000;
id
4299999998
4299999999
DROP TABLE t1;
CREATE TABLE t1(id numeric(11), key(id));
INSERT INTO t1 VALUES (4299999998), (4299999999), (4300000000), (4300000001), (4300000002);
SELECT count(*) FROM t1;
count(*)
5
SELECT * FROM t1 WHERE id > 4300000000;
id
4300000001
4300000002
SELECT * FROM t1 WHERE id = 4300000000;
id
4300000000
SELECT * FROM t1 WHERE id < 4300000000;
id
4299999998
4299999999
DROP TABLE t1;
CREATE TABLE t1(id decimal(11,0), key(id));
INSERT INTO t1 VALUES (11), (12), (13), (14), (15);
SELECT count(*) FROM t1;
count(*)
5
SELECT * FROM t1 WHERE id > 13;
id
14
15
SELECT * FROM t1 WHERE id = 13;
id
13
SELECT * FROM t1 WHERE id < 13;
id
11
12
DROP TABLE t1;
CREATE TABLE t1(id numeric(11), key(id));
INSERT INTO t1 VALUES (11), (12), (13), (14), (15);
SELECT count(*) FROM t1;
count(*)
5
SELECT * FROM t1 WHERE id > 13;
id
14
15
SELECT * FROM t1 WHERE id = 13;
id
13
SELECT * FROM t1 WHERE id < 13;
id
11
12
DROP TABLE t1;
CREATE TABLE t1(id decimal(13,3), key(id));
INSERT INTO t1 VALUES (4299999998.123), (4299999998.125), (4300000000.123), (4300000000.125), (4300000002.123);
SELECT count(*) FROM t1;
count(*)
5
SELECT * FROM t1 WHERE id > 4300000000.123;
id
4300000000.125
4300000002.123
SELECT * FROM t1 WHERE id = 4300000000.123;
id
4300000000.123
SELECT * FROM t1 WHERE id < 4300000000.123;
id
4299999998.123
4299999998.125
DROP TABLE t1;
CREATE TABLE t1(id numeric(13,3), key(id));
INSERT INTO t1 VALUES (4299999998.123), (4299999998.125), (4300000000.123), (4300000000.125), (4300000002.123);
SELECT count(*) FROM t1;
count(*)
5
SELECT * FROM t1 WHERE id > 4300000000.123;
id
4300000000.125
4300000002.123
SELECT * FROM t1 WHERE id = 4300000000.123;
id
4300000000.123
SELECT * FROM t1 WHERE id < 4300000000.123;
id
4299999998.123
4299999998.125
DROP TABLE t1;
CREATE TABLE t1(id decimal(7,2), key(id));
INSERT INTO t1 VALUES (12.75), (13.10), (13.15), (13.27), (15.01);
SELECT count(*) FROM t1;
count(*)
5
SELECT * FROM t1 WHERE id > 13.15;
id
13.27
15.01
SELECT * FROM t1 WHERE id = 13.15;
id
13.15
SELECT * FROM t1 WHERE id < 13.15;
id
12.75
13.10
DROP TABLE t1;
CREATE TABLE t1(id numeric(7,2), key(id));
INSERT INTO t1 VALUES (12.75), (13.10), (13.15), (13.27), (15.01);
SELECT count(*) FROM t1;
count(*)
5
SELECT * FROM t1 WHERE id > 13.15;
id
13.27
15.01
SELECT * FROM t1 WHERE id = 13.15;
id
13.15
SELECT * FROM t1 WHERE id < 13.15;
id
12.75
13.10
SELECT count(*) FROM t1;
count(*)
5
DROP TABLE t1;
