*** Bug #31295 ***
SET @@storage_engine = 'Falcon';
DROP TABLE IF EXISTS t1;
DROP TABLESPACE ts1 ENGINE 'Falcon';
CREATE TABLESPACE ts1 ADD DATAFILE 'ts1.fts' ENGINE 'Falcon';
CREATE TABLE t1(a int);
SELECT * FROM INFORMATION_SCHEMA.FALCON_TABLES WHERE TABLE_NAME='t1';
SCHEMA_NAME	TABLE_NAME	PARTITION	TABLESPACE	INTERNAL_NAME
TEST	T1		FALCON_USER	T1
ALTER TABLE t1 TABLESPACE ts1 ENGINE 'Falcon';
SELECT * FROM INFORMATION_SCHEMA.FALCON_TABLES WHERE TABLE_NAME='t1';
SCHEMA_NAME	TABLE_NAME	PARTITION	TABLESPACE	INTERNAL_NAME
TEST	T1		ts1	T1
ALTER TABLE t1 ENGINE 'Falcon';
SELECT * FROM INFORMATION_SCHEMA.FALCON_TABLES WHERE TABLE_NAME='t1';
SCHEMA_NAME	TABLE_NAME	PARTITION	TABLESPACE	INTERNAL_NAME
TEST	T1		ts1	T1
SELECT count(*) FROM t1;
count(*)
0
DROP TABLE t1;
DROP TABLESPACE ts1 ENGINE 'Falcon';
