*** Bug #36186 ***
SET @@storage_engine = 'Falcon';
DROP TABLE IF EXISTS t1;
CREATE TABLE t1 (s1 varchar(2) character set utf32);
CREATE INDEX i ON t1 (s1);
INSERT INTO t1 VALUES ('$$'),('00'),('>>');
SELECT * FROM t1 WHERE s1 < 'a';
s1
$$
00
>>
SELECT count(*) FROM t1;
count(*)
3
DROP TABLE t1;
