*** Bug #40950 ***
SET @@storage_engine = 'Falcon';
DROP TABLE IF EXISTS t1;
CREATE TABLE t1 (s1 bigint unsigned, key (s1));
INSERT INTO t1 VALUES (9),(10),(11),(12),(13),(14);
SELECT * FROM t1;
s1
9
10
11
12
13
14
SELECT * FROM t1 WHERE s1 < 1.65025801745927e+19;
s1
9
10
11
12
13
14
INSERT INTO t1 VALUES (0x7FFFFFFFFFFFFFFF), (0x8FFFFFFFFFFFFFFF),
(0xCFFFFFFFFFFFFFFF), (0xFFFFFFFFFFFFFFFF);
SELECT hex(s1) FROM t1 ORDER BY s1 LIMIT 1;
hex(s1)
9
SELECT hex(s1) FROM t1 ORDER BY s1 LIMIT 2;
hex(s1)
9
A
SELECT hex(s1) FROM t1 ORDER BY s1 LIMIT 3;
hex(s1)
9
A
B
SELECT hex(s1) FROM t1 ORDER BY s1 LIMIT 4;
hex(s1)
9
A
B
C
SELECT hex(s1) FROM t1 ORDER BY s1 LIMIT 5;
hex(s1)
9
A
B
C
D
SELECT hex(s1) FROM t1 ORDER BY s1 LIMIT 6;
hex(s1)
9
A
B
C
D
E
SELECT hex(s1) FROM t1 ORDER BY s1 LIMIT 7;
hex(s1)
9
A
B
C
D
E
7FFFFFFFFFFFFFFF
SELECT hex(s1) FROM t1 ORDER BY s1 LIMIT 8;
hex(s1)
9
A
B
C
D
E
7FFFFFFFFFFFFFFF
8FFFFFFFFFFFFFFF
SELECT hex(s1) FROM t1 ORDER BY s1 LIMIT 9;
hex(s1)
9
A
B
C
D
E
7FFFFFFFFFFFFFFF
8FFFFFFFFFFFFFFF
CFFFFFFFFFFFFFFF
SELECT hex(s1) FROM t1 WHERE s1 > 12;
hex(s1)
D
E
7FFFFFFFFFFFFFFF
8FFFFFFFFFFFFFFF
CFFFFFFFFFFFFFFF
FFFFFFFFFFFFFFFF
SELECT count(*) FROM t1;
count(*)
10
DROP TABLE t1;
